orderkey,orderstatus,totalprice,clerk,custkey,c_name,c_address,c_phone,c_acctbal,mktsegment
,,,,109925.0,Customer#000109925,ZbaGUPUc0QQHvX7jvODvcPuEkoyprpwYgfF J3Ke,11-139-842-5740,487.54,AUTOMOBILE
,,,,109925.0,Customer#000109925,ZbaGUPUc0QQHvX7jvODvcPuEkoyprpwYgfF J3Ke,11-139-842-5740,487.54,AUTOMOBILE
,,,,64463.0,Customer#000064463,ikwcjhnoky,16-438-998-4552,31336.74648697016,FURNITURE
,,,,5029.0,Customer#000005029,JCSfOA3tnckXifzcIrS53OQcwBnK3c,19-731-645-6056,6661.38,FURNITURE
,,,,5029.0,Customer#000005029,JCSfOA3tnckXifzcIrS53OQcwBnK3c,19-731-645-6056,6661.38,FURNITURE
,,,,71476.0,Customer#000071476,gQSnT7I075tg4aP5kV,25-108-810-6089,4518.68,BUILDING
,,,,71476.0,Customer#000071476,gQSnT7I075tg4aP5kV,25-108-810-6089,4518.68,BUILDING
,,,,38594.0,Customer#000038594,lS9xkBivAeNjaXmfrfSgsvSOqMAvM,30-830-262-7545,9463.46,FURNITURE
,,,,38594.0,Customer#000038594,lS9xkBivAeNjaXmfrfSgsvSOqMAvM,30-830-262-7545,9463.46,FURNITURE
,,,,21865.0,Customer#000021865,dqyjmwlgsk,oapfidsaax,3474.35,BUILDING
,,,,113791.0,Customer#000113791,stihzoqyny,wlctzrxdeo,177189.47069783497,MACHINERY
,,,,40900.0,Customer#000040900,EboeONxoL4WndUYE25CVDeRsHi2V b8,22-374-131-4609,1086.87,MACHINERY
,,,,40900.0,Customer#000040900,EboeONxoL4WndUYE25CVDeRsHi2V b8,22-374-131-4609,1086.87,MACHINERY
,,,,137962.0,Customer#000137962,"2ffF6itL6ZNqnvwQ,TZcEe0FnWq1ynD",18-526-714-2703,6589.79,BUILDING
,,,,137962.0,Customer#000137962,"2ffF6itL6ZNqnvwQ,TZcEe0FnWq1ynD",18-526-714-2703,6589.79,BUILDING
,,,,90958.0,Customer#000090958,mb4rdmjWAZeLiTplu,15-162-211-1059,9610.37,BUILDING
,,,,90958.0,Customer#000090958,mb4rdmjWAZeLiTplu,15-162-211-1059,9610.37,BUILDING
,,,,90958.0,Customer#000090958,mb4rdmjWAZeLiTplu,15-162-211-1059,9610.37,BUILDING
,,,,41828.0,Customer#000041828,"FORX23qOsWdYV,8NHqjakg 8MpiQD0gxJ1z1N",21-512-840-6205,937.36,MACHINERY
,,,,41828.0,Customer#000041828,"FORX23qOsWdYV,8NHqjakg 8MpiQD0gxJ1z1N",21-512-840-6205,937.36,MACHINERY
,,,,55442.0,Customer#000055442,GmIDh6nruplmaz5AEENkVq n1SPjtkUVq1,21-118-787-4049,1464.8,MACHINERY
,,,,27394.0,Customer#000027394,emrRoVy 7YsCaef06U5hu6jky6L4 0eNIr1TRq,30-998-461-1226,4620.74,FURNITURE
,,,,140792.0,Customer#000140792,mfenfxvare,13-502-817-6831,-282.34,HOUSEHOLD
,,,,27394.0,Customer#000027394,emrRoVy 7YsCaef06U5hu6jky6L4 0eNIr1TRq,30-998-461-1226,4620.74,FURNITURE
,,,,129844.0,Customer#000129844,zrzpvlcijk,vpooivjawt,623808.6524598288,AUTOMOBILE
,,,,55442.0,Customer#000055442,GmIDh6nruplmaz5AEENkVq n1SPjtkUVq1,21-118-787-4049,1464.8,MACHINERY
,,,,37819.0,Customer#000037819,"vTRA3ZoEKaehouBb,gSOw5WdRs2x",34-859-166-5069,162.94,AUTOMOBILE
,,,,37819.0,Customer#000037819,"vTRA3ZoEKaehouBb,gSOw5WdRs2x",34-859-166-5069,162.94,AUTOMOBILE
,,,,42260.0,Customer#000042260,kCGCnmyvJQmFOr4VULrypJO7E0Qow1Oi,30-972-763-2485,9159.53,MACHINERY
,,,,42260.0,Customer#000042260,kCGCnmyvJQmFOr4VULrypJO7E0Qow1Oi,30-972-763-2485,9159.53,MACHINERY
,,,,74089.0,Customer#000074089,"KI6hr,2hVDJWzitQAmqQi",12-954-178-4142,3482.17,BUILDING
,,,,74089.0,Customer#000074089,"KI6hr,2hVDJWzitQAmqQi",12-954-178-4142,3482.17,BUILDING
,,,,30929.0,Customer#000030929,6ZGuEaDXHUT9jAazz,26-322-892-5300,639.68,BUILDING
,,,,30929.0,Customer#000030929,6ZGuEaDXHUT9jAazz,26-322-892-5300,639.68,BUILDING
,,,,43921.0,Customer#000043921,gRTfpgkIprGFvbX4SXDJQnv64r,10-778-286-3257,-846.38,MACHINERY
,,,,43921.0,Customer#000043921,gRTfpgkIprGFvbX4SXDJQnv64r,10-778-286-3257,-846.38,MACHINERY
,,,,115030.0,Customer#000115030,"an5,3G40pGDa8yNtKrewc 7nJQzI3ULxpMYH",13-698-926-1079,-967.85,HOUSEHOLD
,,,,115030.0,Customer#000115030,"an5,3G40pGDa8yNtKrewc 7nJQzI3ULxpMYH",13-698-926-1079,-967.85,HOUSEHOLD
,,,,30052.0,Customer#000030052,"yBSuXdwArefgFlJCGabVx,,xar5,GBeZA3",11-158-268-2131,429428.4853633344,AUTOMOBILE
,,,,141733.0,Customer#000141733,xcCcjdi69lITih8NW RQ,33-383-675-9112,4848.29,HOUSEHOLD
,,,,141733.0,Customer#000141733,xcCcjdi69lITih8NW RQ,33-383-675-9112,4848.29,HOUSEHOLD
,,,,71476.0,Customer#000071476,gQSnT7I075tg4aP5kV,mduhyzqoxv,4518.68,wblprlwebe
,,,,42619.0,Customer#000042619,"YUUHZx,xq2MPHk5vSi7,NDBGkj6sK67",34-441-437-7237,2093.26,MACHINERY
,,,,42619.0,Customer#000042619,"YUUHZx,xq2MPHk5vSi7,NDBGkj6sK67",34-441-437-7237,2093.26,MACHINERY
,,,,42619.0,Customer#000042619,"YUUHZx,xq2MPHk5vSi7,NDBGkj6sK67",34-441-437-7237,2093.26,MACHINERY
,,,,87934.0,Customer#000087934,"GEP,37wErI",10-140-808-7326,6362.68,HOUSEHOLD
,,,,87934.0,Customer#000087934,"GEP,37wErI",10-140-808-7326,6362.68,HOUSEHOLD
,,,,68609.0,Customer#000068609,",Ot0EWNWkUZiSyDn jCro9L3KA",34-960-303-8843,-371.01,MACHINERY
,,,,68609.0,Customer#000068609,",Ot0EWNWkUZiSyDn jCro9L3KA",34-960-303-8843,-371.01,MACHINERY
,,,,85756.0,Customer#000085756,e KghFTeW33vX1TcUVN6,20-139-118-1027,6707.22,FURNITURE
,,,,85756.0,Customer#000085756,e KghFTeW33vX1TcUVN6,20-139-118-1027,6707.22,FURNITURE
,,,,36907.0,Customer#000036907,"UvMvkclF,z 5v",19-753-554-8742,1109.66,HOUSEHOLD
,,,,36907.0,Customer#000036907,"UvMvkclF,z 5v",19-753-554-8742,1109.66,HOUSEHOLD
,,,,72664.0,Customer#000072664,kYNNPdT2 79FOKafPYBgWIuOD4,25-664-904-4721,8458.11,dzvpargpcy
,,,,36139.0,Customer#000036139,"t3U,aX7Tvg7XFbzaneUd0pvFJ9DrpoXZ",26-593-156-4101,8772.43,BUILDING
,,,,36139.0,Customer#000036139,"t3U,aX7Tvg7XFbzaneUd0pvFJ9DrpoXZ",26-593-156-4101,8772.43,BUILDING
,,,,147776.0,Customer#000147776,hcxtfkhghi,28-253-786-3614,2437.16,HOUSEHOLD
,,,,50264.0,Customer#000050264,M2XB3FiRxBmvsT21dE1Q7,31-147-558-6515,8963.56,HOUSEHOLD
,,,,50264.0,Customer#000050264,M2XB3FiRxBmvsT21dE1Q7,31-147-558-6515,8963.56,HOUSEHOLD
,,,,81928.0,Customer#000081928,VnuRDSgnyUYaabKFR1srB4SFtrdk y5MfSJBMu,33-681-294-1890,-529.88,HOUSEHOLD
,,,,81928.0,Customer#000081928,VnuRDSgnyUYaabKFR1srB4SFtrdk y5MfSJBMu,33-681-294-1890,-529.88,HOUSEHOLD
,,,,129832.0,Customer#000129832,"Q0DabCJIhjJ C,gj8oMN9nDS4b3j8I0n",21-748-294-8911,5411.05,HOUSEHOLD
,,,,129832.0,Customer#000129832,"Q0DabCJIhjJ C,gj8oMN9nDS4b3j8I0n",21-748-294-8911,5411.05,HOUSEHOLD
,,,,46486.0,Customer#000046486,ra7Bok Zy01ZKsxER3U4rcZy QaI,26-250-877-2255,-160.04,FURNITURE
,,,,46486.0,Customer#000046486,ra7Bok Zy01ZKsxER3U4rcZy QaI,26-250-877-2255,-160.04,FURNITURE
,,,,113791.0,Customer#000113791, SVXsK3i72HHgn6ht3y6uATUoN,27-859-706-6273,734.45,MACHINERY
,,,,113791.0,Customer#000113791, SVXsK3i72HHgn6ht3y6uATUoN,27-859-706-6273,734.45,MACHINERY
,,,,102469.0,Customer#000102469,UzjILoJQG9,22-590-304-3609,7363.71,HOUSEHOLD
,,,,102469.0,Customer#000102469,UzjILoJQG9,22-590-304-3609,7363.71,HOUSEHOLD
,,,,48028.0,Customer#000048028,"KTWXFagIiDu1IE8rToJ,UU88K",25-198-622-8996,7117.72,AUTOMOBILE
,,,,48028.0,Customer#000048028,"KTWXFagIiDu1IE8rToJ,UU88K",25-198-622-8996,7117.72,AUTOMOBILE
,,,,100750.0,Customer#000100750,KAQkvCm75pWb1eeQcwp3ZQ6nuNC566o1eJDAi8 ,11-285-441-3754,2973.78,MACHINERY
,,,,100750.0,Customer#000100750,KAQkvCm75pWb1eeQcwp3ZQ6nuNC566o1eJDAi8 ,11-285-441-3754,2973.78,MACHINERY
,,,,100750.0,Customer#000100750,KAQkvCm75pWb1eeQcwp3ZQ6nuNC566o1eJDAi8 ,11-285-441-3754,2973.78,MACHINERY
,,,,109925.0,Customer#000109925,bfpwytohgc,11-139-842-5740,902863.328458803,AUTOMOBILE
,,,,141361.0,Customer#000141361,bKvoDg1sRT62c,12-163-164-5746,-671.77,FURNITURE
,,,,141361.0,Customer#000141361,bKvoDg1sRT62c,12-163-164-5746,-671.77,FURNITURE
,,,,141361.0,Customer#000141361,bKvoDg1sRT62c,12-163-164-5746,-671.77,FURNITURE
,,,,116800.0,Customer#000116800,glidbltero,dqreurcvyv,698722.1561509378,HOUSEHOLD
,,,,115030.0,Customer#000115030,rfbeqqcerk,tfrkdufiei,242552.0433131484,wexgcyjudr
,,,,40192.0,Customer#000040192,"2oauJhhHRN6ECzT6km,hZhOXi4hL",22-283-384-5116,5711.01,BUILDING
,,,,40192.0,Customer#000040192,"2oauJhhHRN6ECzT6km,hZhOXi4hL",22-283-384-5116,5711.01,BUILDING
,,,,141733.0,Customer#000141733,oacyxgikhd,pjbxqkckqv,4848.29,ylzmmllobl
,,,,76892.0,Customer#000076892,jyhRS n3SdM4tlPX7e6JyQ3CzvUtwBj4wboA45,19-192-308-8115,946.13,AUTOMOBILE
,,,,26092.0,Customer#000026092,YpCLWvpgXrCehRHvXiBv,21-355-450-8482,7953.88,HOUSEHOLD
,,,,26092.0,Customer#000026092,YpCLWvpgXrCehRHvXiBv,21-355-450-8482,7953.88,HOUSEHOLD
,,,,76892.0,Customer#000076892,jyhRS n3SdM4tlPX7e6JyQ3CzvUtwBj4wboA45,19-192-308-8115,946.13,AUTOMOBILE
,,,,98675.0,Customer#000098675,"XQ1QVYkWRWHmWll0y,lMEc",31-848-850-4434,8770.24,BUILDING
,,,,98675.0,Customer#000098675,"XQ1QVYkWRWHmWll0y,lMEc",31-848-850-4434,8770.24,BUILDING
,,,,99898.0,Customer#000099898,pewqbexszu,18-151-732-1909,823276.8401223992,AUTOMOBILE
,,,,53705.0,Customer#000053705,uynvclvelv,kkpitdshxu,225647.8960043185,BUILDING
,,,,20630.0,Customer#000020630,lcI1cbPZ2kyqQYqLa9m e7z1OCfVGrh0ocDy,12-246-809-6791,367258.9508560776,ozixexzfbu
,,,,15646.0,Customer#000015646,"ghLbSnG,LKJ3jyGLSNVWAic5d6axueL4ul",31-439-379-8983,4260.96,AUTOMOBILE
,,,,15646.0,Customer#000015646,"ghLbSnG,LKJ3jyGLSNVWAic5d6axueL4ul",31-439-379-8983,4260.96,AUTOMOBILE
,,,,105865.0,Customer#000105865,"2aU6G4ARbvPRWExsjRAbzNDn0N2Lo,enFLXBjQ",22-684-713-3489,7370.26,AUTOMOBILE
,,,,105865.0,Customer#000105865,"2aU6G4ARbvPRWExsjRAbzNDn0N2Lo,enFLXBjQ",22-684-713-3489,7370.26,AUTOMOBILE
,,,,68914.0,Customer#000068914,1ryZYuv 1Nkv1mViJ3,11-939-333-3631,1319.62,HOUSEHOLD
,,,,68914.0,Customer#000068914,1ryZYuv 1Nkv1mViJ3,11-939-333-3631,1319.62,HOUSEHOLD
,,,,14453.0,Customer#000014453,CVVtbHDMquWQ,28-347-884-4202,8322.36,AUTOMOBILE
,,,,14453.0,Customer#000014453,CVVtbHDMquWQ,28-347-884-4202,8322.36,AUTOMOBILE
,,,,91589.0,Customer#000091589,hfV4vQQYp2D,21-959-307-3897,4853.7,MACHINERY
,,,,91589.0,Customer#000091589,hfV4vQQYp2D,21-959-307-3897,4853.7,MACHINERY
,,,,112474.0,Customer#000112474,"B0hRyn,MHo6tNWnaYNZlURo",11-429-696-2015,3208.57,BUILDING
,,,,112474.0,Customer#000112474,"B0hRyn,MHo6tNWnaYNZlURo",11-429-696-2015,3208.57,BUILDING
,,,,53705.0,Customer#000053705,7FKt4QmnevLMDnQtuwliHLp3e,14-876-797-4016,385.84,BUILDING
,,,,53705.0,Customer#000053705,7FKt4QmnevLMDnQtuwliHLp3e,14-876-797-4016,385.84,BUILDING
,,,,85756.0,Customer#000085756,e KghFTeW33vX1TcUVN6,tprtopuilh,6707.22,FURNITURE
,,,,116645.0,Customer#000116645,7IsCpyV8z6zYZUQDtk5eZ,15-626-483-8560,3035.7,BUILDING
,,,,116645.0,Customer#000116645,7IsCpyV8z6zYZUQDtk5eZ,15-626-483-8560,3035.7,BUILDING
,,,,90832.0,Customer#000090832,usvmeqasxf,11-298-874-7646,3939.11,yemqbrkkjn
,,,,83047.0,Customer#000083047,"ClgUssEnM,BS2UYRnlwf7, cP4KT4jZzb",32-809-727-4775,471394.02751306334,MACHINERY
,,,,21865.0,Customer#000021865,nFDMqmJ8Iwdj1eIpkpSXPFUpSLDn,29-276-425-8177,3474.35,BUILDING
,,,,21865.0,Customer#000021865,nFDMqmJ8Iwdj1eIpkpSXPFUpSLDn,29-276-425-8177,3474.35,BUILDING
,,,,100393.0,Customer#000100393,"NEBWcIw zTSR595uE5xmTH9ib,UAM",17-253-981-1808,15481.151292925157,qefhmdjner
,,,,14843.0,Customer#000014843,"XAjL GSeE9HdX,FKN",12-995-224-5543,1205.55,HOUSEHOLD
,,,,14843.0,Customer#000014843,"XAjL GSeE9HdX,FKN",12-995-224-5543,1205.55,HOUSEHOLD
,,,,61030.0,Customer#000061030,eDsj4MR13f8mhs m,16-389-511-4867,486436.2016518355,jhnfiiosms
,,,,35452.0,Customer#000035452,fJeUGBTc92,17-528-678-7382,5636.19,rjobwaxtch
,,,,106669.0,Customer#000106669,0sHN7HgGOh3PEAp,31-805-918-9921,-877.18,MACHINERY
,,,,106669.0,Customer#000106669,0sHN7HgGOh3PEAp,31-805-918-9921,-877.18,MACHINERY
,,,,55442.0,Customer#000055442,GmIDh6nruplmaz5AEENkVq n1SPjtkUVq1,21-118-787-4049,217001.21003356425,MACHINERY
,,,,24400.0,Customer#000024400,2CYvGSgiHmN68L7MYDw,24-641-110-5969,9746.47,BUILDING
,,,,24400.0,Customer#000024400,2CYvGSgiHmN68L7MYDw,24-641-110-5969,9746.47,BUILDING
,,,,116800.0,Customer#000116800,TLmZIRpVbiWlnmRSxWbGx4RY9h7q2gFrBn,28-179-850-6601,2733.42,HOUSEHOLD
,,,,116800.0,Customer#000116800,TLmZIRpVbiWlnmRSxWbGx4RY9h7q2gFrBn,28-179-850-6601,2733.42,HOUSEHOLD
,,,,89149.0,Customer#000089149,"sUN9lag8l,KLa",11-827-580-7857,6725.83,MACHINERY
,,,,89149.0,Customer#000089149,"sUN9lag8l,KLa",11-827-580-7857,6725.83,MACHINERY
,,,,96656.0,Customer#000096656,KtQvngbghEP SJ,17-465-669-3756,494120.0881369724,hxrlcendma
,,,,35452.0,Customer#000035452,fJeUGBTc92,17-528-678-7382,5636.19,FURNITURE
,,,,35452.0,Customer#000035452,fJeUGBTc92,17-528-678-7382,5636.19,FURNITURE
,,,,39562.0,Customer#000039562,6Oe5xfIaM Z2FNGl,bjkxmhyonk,589079.5391897521,xmddionjog
,,,,57101.0,Customer#000057101,nGNM7oJkO yAr7,22-251-979-9185,1631.35,BUILDING
,,,,57101.0,Customer#000057101,nGNM7oJkO yAr7,22-251-979-9185,1631.35,BUILDING
,,,,106015.0,Customer#000106015,JXNvd8EzXotw1P6nFKS7 7p50PWe782yW,fvhvcuvdbx,481417.8162125823,otavsyiazm
,,,,95854.0,Customer#000095854,zoiazohmur,12-909-367-5822,113141.58924638084,pswcherusa
,,,,29914.0,Customer#000029914,JOtVR6vREO24tzO,24-363-612-9039,9292.29,MACHINERY
,,,,29914.0,Customer#000029914,JOtVR6vREO24tzO,24-363-612-9039,9292.29,MACHINERY
,,,,112154.0,Customer#000112154,"BoHzogiIs5lHfTQKB,w5F8jvrH25qTgx4y8FWOgG",15-990-194-5215,4069.74,HOUSEHOLD
,,,,112154.0,Customer#000112154,"BoHzogiIs5lHfTQKB,w5F8jvrH25qTgx4y8FWOgG",15-990-194-5215,4069.74,HOUSEHOLD
,,,,96656.0,Customer#000096656,KtQvngbghEP SJ,17-465-669-3756,4134.62,HOUSEHOLD
,,,,96656.0,Customer#000096656,KtQvngbghEP SJ,17-465-669-3756,4134.62,HOUSEHOLD
,,,,91615.0,Customer#000091615,7tPBqg95p8GmZlNUmMEDyvKwM0X0,19-129-708-6289,4460.75,MACHINERY
,,,,91615.0,Customer#000091615,7tPBqg95p8GmZlNUmMEDyvKwM0X0,19-129-708-6289,4460.75,MACHINERY
,,,,141982.0,Customer#000141982,Kr2q6cqYPv,21-224-927-8117,7549.91,BUILDING
,,,,141982.0,Customer#000141982,Kr2q6cqYPv,21-224-927-8117,7549.91,BUILDING
,,,,111815.0,Customer#000111815,"sv2,3EO9Cvfel0zF9",18-689-701-2874,683.13,HOUSEHOLD
,,,,111815.0,Customer#000111815,"sv2,3EO9Cvfel0zF9",18-689-701-2874,683.13,HOUSEHOLD
,,,,140792.0,Customer#000140792,PA8yToG1ZbU0 Fdbeyn J,13-502-817-6831,-282.34,HOUSEHOLD
,,,,140792.0,Customer#000140792,PA8yToG1ZbU0 Fdbeyn J,13-502-817-6831,-282.34,HOUSEHOLD
,,,,142207.0,Customer#000142207,"6,UzljB g8Wh1WS597dHsnweCg7FliMpi",14-368-992-4121,8460.76,BUILDING
,,,,142207.0,Customer#000142207,"6,UzljB g8Wh1WS597dHsnweCg7FliMpi",14-368-992-4121,8460.76,BUILDING
,,,,61264.0,Customer#000061264,HpxpknoviVkPQJdM5UR7,16-351-392-1001,-516.81,MACHINERY
,,,,61264.0,Customer#000061264,HpxpknoviVkPQJdM5UR7,16-351-392-1001,-516.81,MACHINERY
,,,,35563.0,Customer#000035563,qT4LhFhQhDXWJYyIaWL1sHO1n,22-276-951-1284,6462.28,HOUSEHOLD
,,,,35563.0,Customer#000035563,qT4LhFhQhDXWJYyIaWL1sHO1n,22-276-951-1284,6462.28,HOUSEHOLD
,,,,38842.0,Customer#000038842,"STLboyuwjUHxKQMu9Qjozg6F,Emzh8n",17-653-865-8703,3587.62,MACHINERY
,,,,38842.0,Customer#000038842,"STLboyuwjUHxKQMu9Qjozg6F,Emzh8n",17-653-865-8703,3587.62,MACHINERY
,,,,8734.0,Customer#000008734,"0,dktzeo DYlhmEInr nvnHfvp78cig",rsnwageoim,3625.11,hegswbuwhx
,,,,87934.0,Customer#000087934,kkoyfmcgpe,10-140-808-7326,6362.68,tayiovzkgu
,,,,141982.0,Customer#000141982,zgvqgqlqkj,hnbolozrqf,606551.8194269983,vtjfusfoie
,,,,20630.0,Customer#000020630,lcI1cbPZ2kyqQYqLa9m e7z1OCfVGrh0ocDy,12-246-809-6791,1002.04,AUTOMOBILE
,,,,20630.0,Customer#000020630,lcI1cbPZ2kyqQYqLa9m e7z1OCfVGrh0ocDy,12-246-809-6791,1002.04,AUTOMOBILE
,,,,48832.0,Customer#000048832,"ptyJMFKhrPzzSgCA9nIZVgkqVAwx,kkXLTQtjJ",27-557-527-8176,7918.29,MACHINERY
,,,,48832.0,Customer#000048832,"ptyJMFKhrPzzSgCA9nIZVgkqVAwx,kkXLTQtjJ",27-557-527-8176,7918.29,MACHINERY
,,,,106015.0,Customer#000106015,JXNvd8EzXotw1P6nFKS7 7p50PWe782yW,26-158-689-1426,3487.97,MACHINERY
,,,,106015.0,Customer#000106015,JXNvd8EzXotw1P6nFKS7 7p50PWe782yW,26-158-689-1426,3487.97,MACHINERY
,,,,123661.0,Customer#000123661,uLkv5Xq04Ajbx,17-948-905-7197,282.39,AUTOMOBILE
,,,,123661.0,Customer#000123661,uLkv5Xq04Ajbx,17-948-905-7197,282.39,AUTOMOBILE
,,,,42382.0,Customer#000042382,RlPmdIHgbzjyaeycGMLQ1425sClEwIReE7oNMQ,15-257-541-2452,4553.99,HOUSEHOLD
,,,,42382.0,Customer#000042382,RlPmdIHgbzjyaeycGMLQ1425sClEwIReE7oNMQ,15-257-541-2452,4553.99,HOUSEHOLD
,,,,147776.0,Customer#000147776,"N45LJN,C4kn9tza461W Ucus6Fm9,uTGrMomG",28-253-786-3614,2437.16,HOUSEHOLD
,,,,147776.0,Customer#000147776,"N45LJN,C4kn9tza461W Ucus6Fm9,uTGrMomG",28-253-786-3614,2437.16,HOUSEHOLD
,,,,68914.0,Customer#000068914,dcwsykbhsz,11-939-333-3631,1319.62,wcqsvnuroq
,,,,33313.0,Customer#000033313,"S0DZq vTYOgeDZ,JbRPnk7X0St,xFnW5t4yz",33-994-727-8590,8949.04,HOUSEHOLD
,,,,33313.0,Customer#000033313,"S0DZq vTYOgeDZ,JbRPnk7X0St,xFnW5t4yz",33-994-727-8590,8949.04,HOUSEHOLD
,,,,76360.0,Customer#000076360,"CJZjPvD,YFLUvhZq",18-533-579-4253,8561.2,BUILDING
,,,,76360.0,Customer#000076360,"CJZjPvD,YFLUvhZq",18-533-579-4253,8561.2,BUILDING
,,,,39562.0,Customer#000039562,6Oe5xfIaM Z2FNGl,31-214-688-9405,7050.33,MACHINERY
,,,,39562.0,Customer#000039562,6Oe5xfIaM Z2FNGl,31-214-688-9405,7050.33,MACHINERY
,,,,42382.0,Customer#000042382,pvxiuiedfj,oivlbcxtgs,396170.14947812026,HOUSEHOLD
,,,,117613.0,Customer#000117613,"jFisaIQvDb,ge1T20e99opBW",10-686-399-9244,3349.32,MACHINERY
,,,,117613.0,Customer#000117613,"jFisaIQvDb,ge1T20e99opBW",10-686-399-9244,3349.32,MACHINERY
,,,,146353.0,Customer#000146353,FZwoD9nAXYiTvSLDsNkZE5Ub5lp,32-189-646-5746,5290.25,MACHINERY
,,,,146353.0,Customer#000146353,FZwoD9nAXYiTvSLDsNkZE5Ub5lp,32-189-646-5746,5290.25,MACHINERY
,,,,20072.0,Customer#000020072,rJgwmlvd8N3 rea,31-944-768-4169,3942.69,BUILDING
,,,,20072.0,Customer#000020072,rJgwmlvd8N3 rea,31-944-768-4169,3942.69,BUILDING
,,,,60271.0,Customer#000060271,"LUT2Le83I6,uxgwiMe9jEe",29-456-997-5225,1779.56,AUTOMOBILE
,,,,60271.0,Customer#000060271,"LUT2Le83I6,uxgwiMe9jEe",29-456-997-5225,1779.56,AUTOMOBILE
,,,,117799.0,Customer#000117799,U8RGtmFnmAs,24-502-686-7438,3528.39,MACHINERY
,,,,117799.0,Customer#000117799,U8RGtmFnmAs,24-502-686-7438,3528.39,MACHINERY
,,,,46429.0,Customer#000046429,2YX4MCUZyba59PfgyCX5mtfNMgvyU0jxVf66eXgY,12-665-546-5226,811.89,MACHINERY
,,,,46429.0,Customer#000046429,2YX4MCUZyba59PfgyCX5mtfNMgvyU0jxVf66eXgY,12-665-546-5226,811.89,MACHINERY
,,,,7172.0,Customer#000007172,jeRl9tKyi85OnxY,15-756-774-9021,750491.9111272906,AUTOMOBILE
,,,,25360.0,Customer#000025360,"vYXh2ZlNvT6V tzP,g7HB4z0DEy",22-365-247-6072,1566.28,HOUSEHOLD
,,,,25360.0,Customer#000025360,"vYXh2ZlNvT6V tzP,g7HB4z0DEy",22-365-247-6072,1566.28,HOUSEHOLD
,,,,72851.0,Customer#000072851,txTQp6QlelBvB6Ec5NB4uoJE TNoj,31-412-227-1569,1593.81,AUTOMOBILE
,,,,72851.0,Customer#000072851,txTQp6QlelBvB6Ec5NB4uoJE TNoj,31-412-227-1569,1593.81,AUTOMOBILE
,,,,14843.0,Customer#000014843,zhzimlnwtn,hwpsvnqqju,141006.20200792648,HOUSEHOLD
,,,,96809.0,Customer#000096809,vvrvdcvnqt,yrrqnnzwyz,162270.18159342688,kboytesfhi
,,,,149170.0,Customer#000149170,RwS8URRhF71DlSKxYZfI,13-602-841-5920,-274.19,BUILDING
,,,,149170.0,Customer#000149170,RwS8URRhF71DlSKxYZfI,13-602-841-5920,-274.19,BUILDING
,,,,64463.0,Customer#000064463,fKbaPSOwgu0Dfo2imd,16-438-998-4552,6788.31,FURNITURE
,,,,64463.0,Customer#000064463,fKbaPSOwgu0Dfo2imd,16-438-998-4552,6788.31,FURNITURE
,,,,29686.0,Customer#000029686,9JewwTXQUKOM27,13-135-259-5125,588.53,FURNITURE
,,,,29686.0,Customer#000029686,9JewwTXQUKOM27,13-135-259-5125,588.53,FURNITURE
,,,,16516.0,Customer#000016516,",j75,x3h3oSUJO1DnoyTMRxIcEkOl8ODKol",26-246-161-3358,2070.08,FURNITURE
,,,,72664.0,Customer#000072664,kYNNPdT2 79FOKafPYBgWIuOD4,25-664-904-4721,8458.11,FURNITURE
,,,,16516.0,Customer#000016516,",j75,x3h3oSUJO1DnoyTMRxIcEkOl8ODKol",26-246-161-3358,2070.08,FURNITURE
,,,,72664.0,Customer#000072664,kYNNPdT2 79FOKafPYBgWIuOD4,25-664-904-4721,8458.11,FURNITURE
,,,,86621.0,Customer#000086621,NAcYHq6lQVY73TaUOpX4,34-285-355-3694,8567.14,HOUSEHOLD
,,,,86621.0,Customer#000086621,NAcYHq6lQVY73TaUOpX4,34-285-355-3694,8567.14,HOUSEHOLD
,,,,65386.0,Customer#000065386,faysabebnb,zafveudgln,1847.93,xoeztnhuwp
,,,,36754.0,Customer#000036754,7KvtZ7kcUOsxPgLvsRghI,24-719-816-2983,-754.63,BUILDING
,,,,36754.0,Customer#000036754,7KvtZ7kcUOsxPgLvsRghI,24-719-816-2983,-754.63,BUILDING
,,,,99898.0,Customer#000099898,KdJyqwxlmkEYcJQV4feT68fp,18-151-732-1909,2344.35,AUTOMOBILE
,,,,99898.0,Customer#000099898,KdJyqwxlmkEYcJQV4feT68fp,18-151-732-1909,2344.35,AUTOMOBILE
,,,,129844.0,Customer#000129844,ot7oRANLeS 0NJ5qRKe0JvP,12-286-635-3075,8413.33,AUTOMOBILE
,,,,129844.0,Customer#000129844,ot7oRANLeS 0NJ5qRKe0JvP,12-286-635-3075,8413.33,AUTOMOBILE
,,,,8348.0,Customer#000008348,"uMazSED2yPufZxnYTcwqge,oZa5Q2kCCp1O",28-936-938-1318,6084.59,HOUSEHOLD
,,,,8348.0,Customer#000008348,"uMazSED2yPufZxnYTcwqge,oZa5Q2kCCp1O",28-936-938-1318,6084.59,HOUSEHOLD
,,,,116134.0,Customer#000116134,EbBgl0xSqUdRTDZQ9wDz73Pjx0xp9qmUCbqQN,17-901-601-4029,7728.94,BUILDING
,,,,116134.0,Customer#000116134,EbBgl0xSqUdRTDZQ9wDz73Pjx0xp9qmUCbqQN,17-901-601-4029,7728.94,BUILDING
,,,,123919.0,Customer#000123919,Me5nZdvBuvV89dtF,30-807-714-8321,-315.55,FURNITURE
,,,,30929.0,Customer#000030929,6ZGuEaDXHUT9jAazz,26-322-892-5300,639.68,nefdibcpsx
,,,,46429.0,Customer#000046429,2YX4MCUZyba59PfgyCX5mtfNMgvyU0jxVf66eXgY,12-665-546-5226,131864.24558251287,oyttmwsbsr
,,,,123919.0,Customer#000123919,Me5nZdvBuvV89dtF,30-807-714-8321,-315.55,FURNITURE
,,,,90133.0,Customer#000090133,"pxlOPZhMol4myQrYBce8sC5h8JSQp,",oapdisyskw,6062.45,ircpjoqxut
,,,,106255.0,Customer#000106255,"X3oS3d6Lf3,,DvtjKS7wcA ZNjkvTd",25-845-127-2238,2341.56,HOUSEHOLD
,,,,106255.0,Customer#000106255,"X3oS3d6Lf3,,DvtjKS7wcA ZNjkvTd",25-845-127-2238,2341.56,HOUSEHOLD
,,,,142426.0,Customer#000142426,8bTPQI9Kbh,23-879-821-2587,-518.28,FURNITURE
,,,,142426.0,Customer#000142426,8bTPQI9Kbh,23-879-821-2587,-518.28,FURNITURE
,,,,68609.0,Customer#000068609,scxnuntsmg,34-960-303-8843,187006.43337388727,MACHINERY
,,,,28583.0,Customer#000028583,"PNf0XwIDO qO18PvoyhDe4bslex,t",29-989-859-8461,6900.32,BUILDING
,,,,28583.0,Customer#000028583,"PNf0XwIDO qO18PvoyhDe4bslex,t",29-989-859-8461,6900.32,BUILDING
,,,,41828.0,Customer#000041828,nhbolgtcqt,21-512-840-6205,937.36,MACHINERY
,,,,30052.0,Customer#000030052,"yBSuXdwArefgFlJCGabVx,,xar5,GBeZA3",11-158-268-2131,417.39,AUTOMOBILE
,,,,30052.0,Customer#000030052,"yBSuXdwArefgFlJCGabVx,,xar5,GBeZA3",11-158-268-2131,417.39,AUTOMOBILE
,,,,98255.0,Customer#000098255,pzeejkznty,prowiotorx,317630.5858404157,HOUSEHOLD
,,,,122395.0,Customer#000122395,"MgoPHd9ofKziodKA,G",28-726-392-1608,880423.1443514244,rhlwojiasw
,,,,15949.0,Customer#000015949,98iPVSDn4TYKDr3CX4Fez07,27-138-407-7149,4357.83,AUTOMOBILE
,,,,15949.0,Customer#000015949,98iPVSDn4TYKDr3CX4Fez07,27-138-407-7149,4357.83,AUTOMOBILE
,,,,15949.0,Customer#000015949,fekfnfrhfy,27-138-407-7149,747024.7941692402,AUTOMOBILE
,,,,76360.0,Customer#000076360,"CJZjPvD,YFLUvhZq",yscpjktuih,92327.82811621,ynpepocnca
,,,,140752.0,Customer#000140752,"e1qjPfDOlkAx9EFsce4s30xGoS,fCb3p9qLz,do",13-236-186-5586,238.27,BUILDING
,,,,140752.0,Customer#000140752,"e1qjPfDOlkAx9EFsce4s30xGoS,fCb3p9qLz,do",13-236-186-5586,238.27,BUILDING
,,,,98255.0,Customer#000098255,LkHN5RhWl3aX62OwbvHJIp2L,22-160-366-4935,2829.87,HOUSEHOLD
,,,,98255.0,Customer#000098255,LkHN5RhWl3aX62OwbvHJIp2L,22-160-366-4935,2829.87,HOUSEHOLD
,,,,67739.0,Customer#000067739,ibDtGyRCxM2YwDP,29-478-804-9295,6715.35,MACHINERY
,,,,67739.0,Customer#000067739,ibDtGyRCxM2YwDP,29-478-804-9295,6715.35,MACHINERY
,,,,86057.0,Customer#000086057,ffhtxljauj,grjldcohpi,499014.9221437765,tyelztdniq
,,,,11443.0,Customer#000011443,"ZNh8P8stUEyb4yL0JKS1f,kkm",34-412-945-3597,5407.37,AUTOMOBILE
,,,,11443.0,Customer#000011443,"ZNh8P8stUEyb4yL0JKS1f,kkm",34-412-945-3597,5407.37,AUTOMOBILE
,,,,118663.0,Customer#000118663,jrxnvorwkl,vmydvopqvw,3804.57,ajprtwjckz
,,,,52322.0,Customer#000052322,"jlKRYcH18NzzTOp,IY88O8Q7FUomjJ",22-258-439-4448,-523.89,HOUSEHOLD
,,,,52322.0,Customer#000052322,"jlKRYcH18NzzTOp,IY88O8Q7FUomjJ",22-258-439-4448,-523.89,HOUSEHOLD
,,,,129832.0,Customer#000129832,"Q0DabCJIhjJ C,gj8oMN9nDS4b3j8I0n",21-748-294-8911,301293.6119656574,HOUSEHOLD
,,,,96809.0,Customer#000096809,"CLqLclAf3,SGjMHMdwD8idYz4JPBuZWouAnKnvf",28-349-358-1708,3485.24,FURNITURE
,,,,96809.0,Customer#000096809,"CLqLclAf3,SGjMHMdwD8idYz4JPBuZWouAnKnvf",28-349-358-1708,3485.24,FURNITURE
,,,,116134.0,Customer#000116134,qwasqkhcws,17-901-601-4029,7728.94,BUILDING
,,,,18070.0,Customer#000018070,xOXUacNVeT5,18-943-363-4145,674.17,FURNITURE
,,,,18070.0,Customer#000018070,xOXUacNVeT5,18-943-363-4145,674.17,FURNITURE
,,,,97103.0,Customer#000097103,Vghwo1rGl27A1Zau RgBvdyFjXH1Z6,19-263-848-9533,4459.66,FURNITURE
,,,,97103.0,Customer#000097103,Vghwo1rGl27A1Zau RgBvdyFjXH1Z6,19-263-848-9533,4459.66,FURNITURE
,,,,61264.0,Customer#000061264,HpxpknoviVkPQJdM5UR7,dahmmpnxms,920347.903961722,MACHINERY
,,,,128407.0,Customer#000128407,UjhClu3WNWFNbNU,17-306-907-5547,5005.17,FURNITURE
,,,,128407.0,Customer#000128407,UjhClu3WNWFNbNU,17-306-907-5547,5005.17,FURNITURE
,,,,6085.0,Customer#000006085,N280OwVf0BbPajbB89YmFrHEihif,22-247-826-9697,6041.35,MACHINERY
,,,,6085.0,Customer#000006085,N280OwVf0BbPajbB89YmFrHEihif,22-247-826-9697,6041.35,MACHINERY
,,,,98675.0,Customer#000098675,czjonpitdv,31-848-850-4434,8770.24,BUILDING
,,,,60310.0,Customer#000060310,aLcptO7Sz49DuwAQpXaP2lyXA,26-463-290-9971,4118.83,BUILDING
,,,,60310.0,Customer#000060310,aLcptO7Sz49DuwAQpXaP2lyXA,26-463-290-9971,4118.83,BUILDING
,,,,148564.0,Customer#000148564,"JTHiYvNy9VBrQewHjuMn,M0e1Bm4K6Gv7wNxUdgg",10-590-568-1254,6001.04,BUILDING
,,,,148564.0,Customer#000148564,"JTHiYvNy9VBrQewHjuMn,M0e1Bm4K6Gv7wNxUdgg",10-590-568-1254,6001.04,BUILDING
,,,,95854.0,Customer#000095854,8vnWcO1GkV9EyKaW9uNaOSYccx44cxBOV0CVc2j,12-909-367-5822,-393.74,BUILDING
,,,,95854.0,Customer#000095854,8vnWcO1GkV9EyKaW9uNaOSYccx44cxBOV0CVc2j,12-909-367-5822,-393.74,BUILDING
,,,,89149.0,Customer#000089149,"sUN9lag8l,KLa",orqogoqykp,715364.2840832927,jxqsoialib
,,,,7883.0,Customer#000007883,94gLTl5Ia7Vle5cy4nUKpo p0t7YwV82Jh I,17-241-203-9542,6280.02,FURNITURE
,,,,7883.0,Customer#000007883,94gLTl5Ia7Vle5cy4nUKpo p0t7YwV82Jh I,17-241-203-9542,6280.02,FURNITURE
,,,,56941.0,Customer#000056941, mh5crtVfXMl41S8xIq,11-516-696-2419,5918.5,HOUSEHOLD
,,,,56941.0,Customer#000056941, mh5crtVfXMl41S8xIq,11-516-696-2419,5918.5,HOUSEHOLD
,,,,83047.0,Customer#000083047,"ClgUssEnM,BS2UYRnlwf7, cP4KT4jZzb",32-809-727-4775,335.39,MACHINERY
,,,,83047.0,Customer#000083047,"ClgUssEnM,BS2UYRnlwf7, cP4KT4jZzb",32-809-727-4775,335.39,MACHINERY
,,,,5029.0,Customer#000005029,elmnusvrtx,19-731-645-6056,6661.38,FURNITURE
,,,,40489.0,Customer#000040489,Dir2cNrRcha4RF5rBWrRRDB0x2VHyAEETZWs2,13-900-807-8595,7599.12,FURNITURE
,,,,40489.0,Customer#000040489,Dir2cNrRcha4RF5rBWrRRDB0x2VHyAEETZWs2,13-900-807-8595,7599.12,FURNITURE
,,,,90133.0,Customer#000090133,"pxlOPZhMol4myQrYBce8sC5h8JSQp,",29-992-570-4234,6062.45,BUILDING
,,,,90133.0,Customer#000090133,"pxlOPZhMol4myQrYBce8sC5h8JSQp,",29-992-570-4234,6062.45,BUILDING
,,,,59813.0,Customer#000059813,vHTmuTWD2cy42c9hcNORxM,10-334-532-4290,7195.71,BUILDING
,,,,59813.0,Customer#000059813,vHTmuTWD2cy42c9hcNORxM,10-334-532-4290,7195.71,BUILDING
,,,,42260.0,Customer#000042260,kCGCnmyvJQmFOr4VULrypJO7E0Qow1Oi,skldkraqpt,26729.126664886804,MACHINERY
,,,,7172.0,Customer#000007172,jeRl9tKyi85OnxY,15-756-774-9021,-878.14,AUTOMOBILE
,,,,7172.0,Customer#000007172,jeRl9tKyi85OnxY,15-756-774-9021,-878.14,AUTOMOBILE
,,,,149170.0,Customer#000149170,RwS8URRhF71DlSKxYZfI,13-602-841-5920,817279.025063305,BUILDING
,,,,29914.0,Customer#000029914,jrdcgzbaow,ltvfmmfzbk,84179.88868570547,bttovwiuse
,,,,124789.0,Customer#000124789,"zjU5l0MTb,2N9DaJYKwRACTjix4uUzaUL7",24-284-868-8589,8949.09,HOUSEHOLD
,,,,124789.0,Customer#000124789,"zjU5l0MTb,2N9DaJYKwRACTjix4uUzaUL7",24-284-868-8589,8949.09,HOUSEHOLD
,,,,100393.0,Customer#000100393,"NEBWcIw zTSR595uE5xmTH9ib,UAM",17-253-981-1808,3582.66,AUTOMOBILE
,,,,100393.0,Customer#000100393,"NEBWcIw zTSR595uE5xmTH9ib,UAM",17-253-981-1808,3582.66,AUTOMOBILE
,,,,142426.0,Customer#000142426,eohczahsyx,qfqovquxrn,-518.28,wnjueftlot
,,,,122395.0,Customer#000122395,"MgoPHd9ofKziodKA,G",28-726-392-1608,7449.06,FURNITURE
,,,,122395.0,Customer#000122395,"MgoPHd9ofKziodKA,G",28-726-392-1608,7449.06,FURNITURE
,,,,106811.0,Customer#000106811,"A79foZOzzL7,zhaLle1adZIs7VjDH6NJ1eNd",10-619-171-6613,3685.93,AUTOMOBILE
,,,,106811.0,Customer#000106811,"A79foZOzzL7,zhaLle1adZIs7VjDH6NJ1eNd",10-619-171-6613,3685.93,AUTOMOBILE
,,,,74524.0,Customer#000074524,"Q,63JuizyNGD6xfK",18-973-442-9434,4411.47,HOUSEHOLD
,,,,74524.0,Customer#000074524,"Q,63JuizyNGD6xfK",18-973-442-9434,4411.47,HOUSEHOLD
,,,,36139.0,Customer#000036139,"t3U,aX7Tvg7XFbzaneUd0pvFJ9DrpoXZ",gbnlxthugx,8772.43,BUILDING
,,,,61030.0,Customer#000061030,eDsj4MR13f8mhs m,16-389-511-4867,8250.0,AUTOMOBILE
,,,,61030.0,Customer#000061030,eDsj4MR13f8mhs m,16-389-511-4867,8250.0,AUTOMOBILE
,,,,106811.0,Customer#000106811,ruiilvksmt,wvbxxivktv,3685.93,AUTOMOBILE
,,,,33044.0,Customer#000033044,mricmll7WP5CM2gGKbN8Dgg,20-666-135-5621,1677.09,AUTOMOBILE
,,,,33044.0,Customer#000033044,mricmll7WP5CM2gGKbN8Dgg,20-666-135-5621,1677.09,AUTOMOBILE
,,,,98560.0,Customer#000098560,"RBFFOClZq9O4rDaB,6uYGb ZIXwNf9XT",28-833-673-1894,5476.94,AUTOMOBILE
,,,,98560.0,Customer#000098560,"RBFFOClZq9O4rDaB,6uYGb ZIXwNf9XT",28-833-673-1894,5476.94,AUTOMOBILE
,,,,122050.0,Customer#000122050,lpd8rSaOQ83Y,27-100-408-3026,9155.77,AUTOMOBILE
,,,,122050.0,Customer#000122050,lpd8rSaOQ83Y,27-100-408-3026,9155.77,AUTOMOBILE
,,,,93112.0,Customer#000093112,btiyoyczil,kaylnmkyrs,7961.12,uodtwopcfy
,,,,53233.0,Customer#000053233,qwpYotT9QzAa5RroLr6nJq,15-333-758-1640,1957.55,BUILDING
,,,,53233.0,Customer#000053233,qwpYotT9QzAa5RroLr6nJq,15-333-758-1640,1957.55,BUILDING
,,,,51328.0,Customer#000051328,JFb1v4fXuK 1n,31-720-258-6887,3006.39,BUILDING
,,,,51328.0,Customer#000051328,JFb1v4fXuK 1n,31-720-258-6887,3006.39,BUILDING
,,,,91799.0,Customer#000091799,"aLIBeMH,Tol 1wvQ0DWiyZI8DM",20-947-522-4520,5239.67,BUILDING
,,,,91799.0,Customer#000091799,"aLIBeMH,Tol 1wvQ0DWiyZI8DM",20-947-522-4520,5239.67,BUILDING
,,,,84616.0,Customer#000084616,IJgy6yQmnfXf2JZXiCg,33-140-610-1996,6169.78,HOUSEHOLD
,,,,84616.0,Customer#000084616,IJgy6yQmnfXf2JZXiCg,33-140-610-1996,6169.78,HOUSEHOLD
,,,,6340.0,Customer#000006340,oxxavhy2E4A No,12-958-657-2432,1279.15,HOUSEHOLD
,,,,6340.0,Customer#000006340,oxxavhy2E4A No,12-958-657-2432,1279.15,HOUSEHOLD
,,,,90832.0,Customer#000090832,kdIUN1x0fgDGsglpV0si,11-298-874-7646,3939.11,HOUSEHOLD
,,,,90832.0,Customer#000090832,kdIUN1x0fgDGsglpV0si,11-298-874-7646,3939.11,HOUSEHOLD
,,,,107770.0,Customer#000107770,"rJ8van3jHRWUm,FS94o ",21-819-353-4030,5924.85,HOUSEHOLD
,,,,107770.0,Customer#000107770,"rJ8van3jHRWUm,FS94o ",21-819-353-4030,5924.85,HOUSEHOLD
,,,,43079.0,Customer#000043079,kvwI16VVJlYBHKk81BGUWeMcCNM2la4grcsHYj8,13-337-163-1361,4107.4,FURNITURE
,,,,43079.0,Customer#000043079,kvwI16VVJlYBHKk81BGUWeMcCNM2la4grcsHYj8,13-337-163-1361,4107.4,FURNITURE
,,,,134866.0,Customer#000134866,"cfLQpJ6xeOQ,FnET8vs77",10-787-680-3591,8438.16,FURNITURE
,,,,134866.0,Customer#000134866,"cfLQpJ6xeOQ,FnET8vs77",10-787-680-3591,8438.16,FURNITURE
,,,,65386.0,Customer#000065386,"FOJScIMY ,hs5r4",15-627-829-8686,1847.93,BUILDING
,,,,65386.0,Customer#000065386,"FOJScIMY ,hs5r4",15-627-829-8686,1847.93,BUILDING
,,,,117799.0,Customer#000117799,U8RGtmFnmAs,24-502-686-7438,514953.0421526471,mkwkybkcrr
,,,,86057.0,Customer#000086057,",ndjpIeit3Vbfu,hG,A",29-989-848-2892,6840.62,FURNITURE
,,,,86057.0,Customer#000086057,",ndjpIeit3Vbfu,hG,A",29-989-848-2892,6840.62,FURNITURE
,,,,128407.0,Customer#000128407,UjhClu3WNWFNbNU,17-306-907-5547,897983.4841910945,FURNITURE
,,,,11443.0,Customer#000011443,jiooegtwiv,34-412-945-3597,5407.37,ukrazshnap
,,,,8734.0,Customer#000008734,"0,dktzeo DYlhmEInr nvnHfvp78cig",26-573-397-8661,3625.11,MACHINERY
,,,,8734.0,Customer#000008734,"0,dktzeo DYlhmEInr nvnHfvp78cig",26-573-397-8661,3625.11,MACHINERY
,,,,93112.0,Customer#000093112,McKXMKSZe55vswxwr ,26-772-589-4203,7961.12,BUILDING
,,,,93112.0,Customer#000093112,McKXMKSZe55vswxwr ,26-772-589-4203,7961.12,BUILDING
,,,,118663.0,Customer#000118663,NCa3JFmkq1UG5nBQd6,17-887-608-1743,3804.57,BUILDING
,,,,118663.0,Customer#000118663,NCa3JFmkq1UG5nBQd6,17-887-608-1743,3804.57,BUILDING
,,,,96367.0,Customer#000096367,"I 4Hpyj, 4x8uHdCCatppw fV8ROWeea9HX",31-685-208-4748,8431.3,HOUSEHOLD
,,,,96367.0,Customer#000096367,"I 4Hpyj, 4x8uHdCCatppw fV8ROWeea9HX",31-685-208-4748,8431.3,HOUSEHOLD
1623523.0,O,152716.18,Clerk#000000624,286182.0,,,,,
5064609.0,F,56021.88,Clerk#000000529,91615.0,,,,,
4799970.0,O,306571.13,Clerk#000000549,129844.0,,,,,
5579366.0,F,64149.55,Clerk#000000914,116645.0,,,,,
5377893.0,O,63214.25,Clerk#000000771,36754.0,,,,,
4313348.0,P,282808.56,Clerk#000000259,123661.0,,,,,
3383654.0,F,66878.96,Clerk#000000322,20072.0,,,,,
5586368.0,O,221791.83,Clerk#000000385,35563.0,,,,,
1730885.0,F,93319.94,Clerk#000000486,74089.0,,,,,
2885859.0,F,216255.47,lfefkbgknh,190314.0,,,,,
5891171.0,O,219789.79,Clerk#000000356,51328.0,,,,,
174979.0,O,122621.4,Clerk#000000974,112154.0,,,,,
1973507.0,F,46922.17,Clerk#000000904,5029.0,,,,,
5445248.0,O,157530.2,Clerk#000000049,234938.0,,,,,
3904644.0,F,245136.32,Clerk#000000950,459980.0,,,,,
2402630.0,F,234545.1,Clerk#000000063,118663.0,,,,,
3903200.0,F,167606.76,Clerk#000000552,141982.0,,,,,
4494183.0,O,37978.38,Clerk#000000121,14453.0,,,,,
1889410.0,O,91385.26,Clerk#000000885,37819.0,,,,,
5649607.0,bcvjujksce,96179.77,Clerk#000000324,900532.0,,,,,
1761893.0,O,135591.26,Clerk#000000991,40489.0,,,,,
1809952.0,F,213856.57,Clerk#000000213,42260.0,,,,,
4190503.0,uozzgjbcdr,257091.34,Clerk#000000872,21865.0,,,,,
1873827.0,F,318677.58,Clerk#000000723,106255.0,,,,,
3270369.0,O,180022.67,Clerk#000000735,97103.0,,,,,
4286758.0,F,221497.05,Clerk#000000756,106015.0,,,,,
4227399.0,awlllltlie,39219.26,kinlqoqmco,915547.0,,,,,
44065.0,F,210359.33,Clerk#000000051,148564.0,,,,,
5874596.0,mucnmtzofy,110889.83,zuqabnilwr,42619.0,,,,,
5336513.0,F,114062.75,Clerk#000000160,142207.0,,,,,
2885859.0,F,216255.47,Clerk#000000911,106669.0,,,,,
5494944.0,O,236759.95,Clerk#000000725,81928.0,,,,,
3281952.0,O,84435.97,Clerk#000000412,26092.0,,,,,
2841378.0,F,207952.19,Clerk#000000466,55442.0,,,,,
99298.0,F,242002.52,texdfygboo,117799.0,,,,,
4266977.0,F,4439.0,Clerk#000000556,28583.0,,,,,
2188166.0,O,141899.34,Clerk#000000578,141733.0,,,,,
1301476.0,O,279396.74,Clerk#000000438,72664.0,,,,,
5031840.0,sppujnuiwl,223266.0,tpdhdktgsq,140703.0,,,,,
2841378.0,twvcychccs,207952.19,Clerk#000000466,283867.0,,,,,
5657734.0,zvvhxlpper,31817.4,Clerk#000000652,120867.0,,,,,
3790503.0,xoledgifnq,255317.01,lbctafdqzk,992321.0,,,,,
4254822.0,F,208206.97,ndnnsmdglj,96809.0,,,,,
4688388.0,F,179678.9,Clerk#000000590,8348.0,,,,,
2062945.0,O,207427.56,wcdqjdqgox,99898.0,,,,,
3636580.0,aubqmkbmuv,160186.23,Clerk#000000486,100750.0,,,,,
2143206.0,O,139358.66,Clerk#000000547,25360.0,,,,,
5649607.0,O,96179.77,Clerk#000000324,11443.0,,,,,
1730885.0,xfsowkiase,93319.94,Clerk#000000486,252900.0,,,,,
4286758.0,F,221497.05,ifxfoqxupx,308736.0,,,,,
2812610.0,O,97491.6,Clerk#000000973,29914.0,,,,,
2893669.0,O,43140.5,Clerk#000000984,33313.0,,,,,
590786.0,F,134335.95,Clerk#000000703,105865.0,,,,,
664961.0,O,164826.83,Clerk#000000838,98675.0,,,,,
1363299.0,kfyovtqzju,98813.28,Clerk#000000374,89149.0,,,,,
2302374.0,O,210227.32,Clerk#000000832,27394.0,,,,,
5238017.0,O,57684.01,Clerk#000000337,112474.0,,,,,
2237702.0,F,150707.08,Clerk#000000991,106811.0,,,,,
4313348.0,hlfizqeece,282808.56,yprpfvkhfz,123661.0,,,,,
1748929.0,P,304671.56,Clerk#000000761,43079.0,,,,,
1579780.0,O,28092.07,Clerk#000000563,149170.0,,,,,
4465735.0,O,41466.4,Clerk#000000592,15949.0,,,,,
319553.0,O,314091.94,Clerk#000000773,85756.0,,,,,
2074308.0,F,87941.56,uukqzksnvx,142426.0,,,,,
5692548.0,F,209348.43,Clerk#000000237,116800.0,,,,,
488000.0,F,47901.38,Clerk#000000649,48832.0,,,,,
3243554.0,F,222565.47,Clerk#000000920,86621.0,,,,,
1405766.0,O,101574.02,Clerk#000000225,56941.0,,,,,
3956641.0,ffsxisyboi,92418.84,Clerk#000000605,765167.0,,,,,
4344003.0,O,92681.34,uolwdqtzeo,848784.0,,,,,
4914947.0,F,249516.12,Clerk#000000424,102469.0,,,,,
38951.0,O,234474.8,Clerk#000000929,6340.0,,,,,
1187076.0,O,302278.45,Clerk#000000212,52322.0,,,,,
5692548.0,F,209348.43,twgtwbjhot,116800.0,,,,,
5160355.0,O,91810.15,Clerk#000000223,68914.0,,,,,
4914947.0,F,249516.12,Clerk#000000424,202436.0,,,,,
366759.0,O,116705.41,Clerk#000000930,146353.0,,,,,
4799970.0,stxucfvjqs,306571.13,Clerk#000000549,661255.0,,,,,
2605473.0,F,206993.8,Clerk#000000602,113791.0,,,,,
4465664.0,F,212060.61,egdqloxotk,265258.0,,,,,
4788195.0,O,318630.15,Clerk#000000029,46486.0,,,,,
1265159.0,P,158741.89,Clerk#000000202,533024.0,,,,,
2121223.0,O,259139.02,Clerk#000000606,147776.0,,,,,
3588258.0,F,137709.19,Clerk#000000224,95854.0,,,,,
1072995.0,O,168118.98,Clerk#000000064,91615.0,,,,,
5891171.0,O,219789.79,gdtxihvqsh,51328.0,,,,,
4719618.0,O,170402.43,Clerk#000000393,123661.0,,,,,
4526112.0,O,106403.62,Clerk#000000883,115030.0,,,,,
2492739.0,P,352117.39,Clerk#000000053,36139.0,,,,,
1975013.0,F,253864.78,Clerk#000000551,83047.0,,,,,
590786.0,F,134335.95,ugicjtpovx,105865.0,,,,,
3753446.0,gmdvitrsoq,192338.04,uadbykewbk,153080.0,,,,,
3226211.0,O,127342.95,Clerk#000000161,100393.0,,,,,
2982816.0,F,117187.51,Clerk#000000111,36907.0,,,,,
5031840.0,O,223266.0,Clerk#000000702,40192.0,,,,,
3308193.0,O,247266.56,zmadvsyiwt,282659.0,,,,,
2417600.0,xbgnhzxsvb,54156.24,Clerk#000000124,468503.0,,,,,
3307077.0,nvhphzstem,107431.85,vdixfefxkp,718628.0,,,,,
1613444.0,F,117956.71,Clerk#000000727,122050.0,,,,,
4659489.0,O,89384.04,Clerk#000000657,41828.0,,,,,
490883.0,F,25523.57,Clerk#000000709,20630.0,,,,,
3035296.0,O,18428.2,Clerk#000000822,117613.0,,,,,
4344003.0,O,92681.34,Clerk#000000260,18070.0,,,,,
702438.0,O,339202.97,Clerk#000000196,39562.0,,,,,
4465664.0,F,212060.61,Clerk#000000321,38594.0,,,,,
4703938.0,F,14632.2,Clerk#000000838,35452.0,,,,,
2479943.0,O,105869.03,Clerk#000000166,43921.0,,,,,
1778788.0,F,149998.65,Clerk#000000348,38842.0,,,,,
3243554.0,F,222565.47,rfbhgnyhel,336179.0,,,,,
5338149.0,F,69430.91,Clerk#000000753,90958.0,,,,,
1407463.0,O,30119.09,Clerk#000000362,140792.0,,,,,
2121223.0,O,259139.02,Clerk#000000606,215470.0,,,,,
1613444.0,qfsvltejor,117956.71,ksaojfnhbq,177099.0,,,,,
99298.0,F,242002.52,Clerk#000000481,117799.0,,,,,
1547747.0,F,125981.09,Clerk#000000464,72851.0,,,,,
3308193.0,O,247266.56,Clerk#000000059,15646.0,,,,,
2593959.0,O,33496.73,Clerk#000000811,90133.0,,,,,
528903.0,O,193310.09,Clerk#000000694,86057.0,,,,,
1016548.0,O,267636.19,rddcnwjmmg,122395.0,,,,,
446913.0,P,116858.13,Clerk#000000983,116134.0,,,,,
532262.0,F,266430.18,Clerk#000000765,60271.0,,,,,
1547747.0,F,125981.09,liuglshckd,761843.0,,,,,
3281952.0,mmqkrtbibs,84435.97,Clerk#000000412,26092.0,,,,,
3904644.0,F,245136.32,Clerk#000000950,33044.0,,,,,
2177349.0,O,163916.52,Clerk#000000536,93112.0,,,,,
44065.0,pgbxkdnewl,210359.33,Clerk#000000051,148564.0,,,,,
5082530.0,O,216647.81,Clerk#000000705,65386.0,,,,,
4529893.0,F,96014.97,Clerk#000000334,149170.0,,,,,
4359969.0,O,78641.47,Clerk#000000361,14843.0,,,,,
5965187.0,F,75961.66,Clerk#000000290,84616.0,,,,,
2417600.0,O,54156.24,Clerk#000000124,111815.0,,,,,
5874596.0,O,110889.83,Clerk#000000129,42619.0,,,,,
4254822.0,F,208206.97,Clerk#000000996,96809.0,,,,,
5017286.0,umlocggxbc,176001.4,Clerk#000000074,74524.0,,,,,
5336513.0,xymckunglg,114062.75,Clerk#000000160,142207.0,,,,,
365478.0,O,290006.29,Clerk#000000353,67739.0,,,,,
1078181.0,O,117396.96,Clerk#000000122,71476.0,,,,,
2212290.0,O,179252.68,Clerk#000000823,61030.0,,,,,
218628.0,O,254334.92,Clerk#000000090,8734.0,,,,,
4581282.0,O,225190.39,Clerk#000000804,50264.0,,,,,
158275.0,O,175522.93,Clerk#000000039,140752.0,,,,,
77733.0,O,317415.65,Clerk#000000116,40900.0,,,,,
5483779.0,O,117998.78,Clerk#000000122,98255.0,,,,,
3035296.0,O,18428.2,wdywbmzkhb,695592.0,,,,,
1982277.0,P,216712.64,Clerk#000000938,68609.0,,,,,
5965187.0,xderfumlac,75961.66,rkmnyeamum,491775.0,,,,,
742658.0,O,236765.85,fntdfcdaaq,30929.0,,,,,
3753446.0,F,192338.04,Clerk#000000565,59813.0,,,,,
3307077.0,F,107431.85,Clerk#000000100,61264.0,,,,,
2143206.0,O,139358.66,Clerk#000000547,708912.0,,,,,
4974788.0,iuyjtkdjet,277322.25,Clerk#000000238,647427.0,,,,,
115751.0,O,257827.77,Clerk#000000425,20072.0,,,,,
5160355.0,pbxzfekmsm,91810.15,Clerk#000000223,275041.0,,,,,
5768097.0,F,9591.0,Clerk#000000334,53705.0,,,,,
1889410.0,O,91385.26,vgzzdgehte,394205.0,,,,,
5004416.0,O,121467.15,Clerk#000000612,46429.0,,,,,
1855009.0,O,311963.84,Clerk#000000617,60310.0,,,,,
5483779.0,tkvsqqgske,117998.78,poigxivugt,166044.0,,,,,
2496102.0,O,90891.4,Clerk#000000175,6085.0,,,,,
4974788.0,F,277322.25,Clerk#000000238,7172.0,,,,,
297793.0,O,171886.17,Clerk#000000838,29686.0,,,,,
372933.0,zmwmfbtzve,187335.85,gddmvucdgy,445431.0,,,,,
3270369.0,rjzlospfqc,180022.67,javqwbcjny,97103.0,,,,,
3021059.0,F,151878.87,Clerk#000000131,64463.0,,,,,
3061156.0,O,110735.73,Clerk#000000747,117613.0,,,,,
4494183.0,O,37978.38,Clerk#000000121,954041.0,,,,,
4019974.0,O,50264.8,Clerk#000000293,137962.0,,,,,
990628.0,O,148011.79,Clerk#000000970,16516.0,,,,,
3914788.0,uifjddgzbf,112274.27,Clerk#000000614,72664.0,,,,,
4526112.0,O,106403.62,eexhodtonk,584895.0,,,,,
3636580.0,F,160186.23,Clerk#000000486,100750.0,,,,,
3790503.0,O,255317.01,Clerk#000000392,24400.0,,,,,
5597126.0,F,130853.68,Clerk#000000621,90832.0,,,,,
1265159.0,P,158741.89,Clerk#000000202,76892.0,,,,,
2074308.0,F,87941.56,Clerk#000000532,142426.0,,,,,
372933.0,F,187335.85,Clerk#000000463,48028.0,,,,,
2479943.0,ucyzhbvqhe,105869.03,uehvrbdnmc,206486.0,,,,,
3614215.0,O,18991.63,Clerk#000000955,109925.0,,,,,
3822054.0,F,21161.49,Clerk#000000589,95854.0,,,,,
375235.0,F,24127.39,Clerk#000000008,91589.0,,,,,
2188166.0,O,141899.34,Clerk#000000578,11446.0,,,,,
2062945.0,O,207427.56,Clerk#000000664,99898.0,,,,,
554567.0,O,132973.88,Clerk#000000700,134866.0,,,,,
962083.0,F,36011.7,Clerk#000000384,76360.0,,,,,
502338.0,F,90651.7,Clerk#000000447,98560.0,,,,,
5657734.0,F,31817.4,Clerk#000000652,128407.0,,,,,
985127.0,O,119488.52,Clerk#000000511,30052.0,,,,,
3727363.0,O,170482.75,Clerk#000000825,107770.0,,,,,
2496102.0,tbfdjwgzvm,90891.4,hxhpejamvn,65270.0,,,,,
4190503.0,F,257091.34,Clerk#000000872,21865.0,,,,,
1129760.0,P,151678.19,Clerk#000000541,141361.0,,,,,
1363299.0,F,98813.28,Clerk#000000374,89149.0,,,,,
1016548.0,O,267636.19,Clerk#000000862,122395.0,,,,,
3051712.0,F,198682.73,Clerk#000000725,7883.0,,,,,
5445248.0,O,157530.2,Clerk#000000049,53233.0,,,,,
5017286.0,F,176001.4,Clerk#000000074,74524.0,,,,,
1243847.0,P,309370.22,Clerk#000000497,14843.0,,,,,
2402630.0,hprxhnlige,234545.1,Clerk#000000063,118663.0,,,,,
4227399.0,O,39219.26,Clerk#000000132,87934.0,,,,,
4523809.0,F,234587.34,Clerk#000000752,37819.0,,,,,
1623523.0,O,152716.18,Clerk#000000624,96367.0,,,,,
1240577.0,F,31721.71,Clerk#000000278,96656.0,,,,,
1880419.0,O,63025.33,Clerk#000000862,124789.0,,,,,
3691171.0,O,41743.61,Clerk#000000519,91799.0,,,,,
5616263.0,F,53088.75,Clerk#000000799,129832.0,,,,,
644961.0,F,168286.77,iiaqvmwilw,538017.0,,,,,
644961.0,F,168286.77,Clerk#000000337,42382.0,,,,,
3914788.0,F,112274.27,Clerk#000000614,72664.0,,,,,
3956641.0,F,92418.84,Clerk#000000605,123919.0,,,,,
1748929.0,uovcbnavni,304671.56,ffewyjxpaw,43079.0,,,,,
742658.0,O,236765.85,Clerk#000000775,30929.0,,,,,
532262.0,dxmwmhswbu,266430.18,xhgmzsiwny,825209.0,,,,,
4221281.0,O,152801.92,Clerk#000000393,57101.0,,,,,
1407463.0,O,30119.09,yiqxxhyljt,634384.0,,,,,
3956641.0,F,,,25505.0,,,,,
4703938.0,F,,,121193.0,,,,,
1243847.0,F,,,174460.0,,,,,
366759.0,O,,,361040.0,,,,,
4313348.0,O,,,873792.0,,,,,
3588258.0,F,,,26291.0,,,,,
2062945.0,O,,,137462.0,,,,,
5874596.0,O,,,123515.0,,,,,
742658.0,O,,,91104.0,,,,,
1873827.0,F,,,93647.0,,,,,
3061156.0,O,,,29985.0,,,,,
2402630.0,F,,,183633.0,,,,,
3727363.0,O,,,148837.0,,,,,
3061156.0,O,,,195778.0,,,,,
532262.0,F,,,810994.0,,,,,
5445248.0,O,,,173232.0,,,,,
5004416.0,O,,,63452.0,,,,,
3021059.0,F,,,50326.0,,,,,
1975013.0,F,,,141971.0,,,,,
5692548.0,F,,,91433.0,,,,,
5017286.0,F,,,100250.0,,,,,
664961.0,O,,,608891.0,,,,,
297793.0,O,,,101443.0,,,,,
4359969.0,O,,,44320.0,,,,,
38951.0,O,,,66716.0,,,,,
218628.0,O,,,192682.0,,,,,
5082530.0,O,,,20285.0,,,,,
5445248.0,O,,,128372.0,,,,,
5586368.0,O,,,186470.0,,,,,
1761893.0,O,,,117561.0,,,,,
1129760.0,F,,,173949.0,,,,,
5891171.0,O,,,23845.0,,,,,
4523809.0,F,,,90885.0,,,,,
4799970.0,O,,,122477.0,,,,,
3903200.0,F,,,234821.0,,,,,
1363299.0,F,,,8534.0,,,,,
1129760.0,F,,,191027.0,,,,,
3051712.0,F,,,147977.0,,,,,
4659489.0,O,,,45454.0,,,,,
3956641.0,F,,,68271.0,,,,,
4344003.0,O,,,566620.0,,,,,
319553.0,O,,,166354.0,,,,,
742658.0,O,,,51579.0,,,,,
3035296.0,O,,,116826.0,,,,,
1975013.0,F,,,106640.0,,,,,
528903.0,O,,,592221.0,,,,,
1129760.0,F,,,131112.0,,,,,
702438.0,O,,,569608.0,,,,,
4313348.0,O,,,34928.0,,,,,
4190503.0,F,,,128171.0,,,,,
4719618.0,O,,,13996.0,,,,,
4799970.0,O,,,51712.0,,,,,
5891171.0,O,,,108775.0,,,,,
590786.0,F,,,46501.0,,,,,
1623523.0,O,,,3086.0,,,,,
4190503.0,F,,,106011.0,,,,,
365478.0,O,,,179401.0,,,,,
1855009.0,O,,,209061.0,,,,,
2885859.0,F,,,141471.0,,,,,
3226211.0,O,,,134986.0,,,,,
77733.0,O,,,22407.0,,,,,
2605473.0,F,,,147382.0,,,,,
985127.0,O,,,105246.0,,,,,
1973507.0,F,,,617073.0,,,,,
1301476.0,O,,,195520.0,,,,,
3903200.0,F,,,38404.0,,,,,
4313348.0,O,,,99405.0,,,,,
5017286.0,F,,,119147.0,,,,,
4221281.0,O,,,75169.0,,,,,
2479943.0,O,,,158507.0,,,,,
4227399.0,O,,,107490.0,,,,,
490883.0,F,,,69011.0,,,,,
4914947.0,F,,,197651.0,,,,,
2885859.0,F,,,111059.0,,,,,
297793.0,O,,,160983.0,,,,,
502338.0,F,,,14198.0,,,,,
1016548.0,O,,,83465.0,,,,,
3753446.0,F,,,66948.0,,,,,
702438.0,O,,,139158.0,,,,,
3243554.0,F,,,54921.0,,,,,
2212290.0,O,,,146808.0,,,,,
5494944.0,O,,,410261.0,,,,,
2074308.0,F,,,135147.0,,,,,
1873827.0,F,,,63980.0,,,,,
4974788.0,F,,,116978.0,,,,,
1301476.0,O,,,156648.0,,,,,
5874596.0,O,,,153956.0,,,,,
2812610.0,O,,,174956.0,,,,,
4286758.0,F,,,44843.0,,,,,
2237702.0,F,,,31389.0,,,,,
3243554.0,F,,,18060.0,,,,,
502338.0,F,,,367473.0,,,,,
218628.0,O,,,132283.0,,,,,
1613444.0,F,,,196843.0,,,,,
2302374.0,O,,,56345.0,,,,,
3308193.0,O,,,90249.0,,,,,
4286758.0,F,,,160940.0,,,,,
319553.0,O,,,138043.0,,,,,
3226211.0,O,,,109149.0,,,,,
3904644.0,F,,,132398.0,,,,,
2302374.0,O,,,30872.0,,,,,
2492739.0,O,,,135324.0,,,,,
702438.0,O,,,116226.0,,,,,
3021059.0,F,,,156355.0,,,,,
5336513.0,F,,,111365.0,,,,,
985127.0,O,,,665719.0,,,,,
985127.0,O,,,112276.0,,,,,
5064609.0,F,,,156253.0,,,,,
3636580.0,F,,,87800.0,,,,,
4465735.0,O,,,114340.0,,,,,
218628.0,O,,,133298.0,,,,,
4914947.0,F,,,183396.0,,,,,
2496102.0,O,,,168907.0,,,,,
2841378.0,F,,,35711.0,,,,,
1873827.0,F,,,105681.0,,,,,
4529893.0,F,,,78705.0,,,,,
319553.0,O,,,851571.0,,,,,
1982277.0,O,,,30831.0,,,,,
5031840.0,O,,,846102.0,,,,,
3226211.0,O,,,52067.0,,,,,
3753446.0,F,,,66191.0,,,,,
528903.0,O,,,79815.0,,,,,
5082530.0,O,,,150620.0,,,,,
3281952.0,O,,,182161.0,,,,,
1405766.0,O,,,170327.0,,,,,
4286758.0,F,,,103093.0,,,,,
4465735.0,O,,,106550.0,,,,,
115751.0,O,,,7410.0,,,,,
365478.0,O,,,176783.0,,,,,
5445248.0,O,,,161265.0,,,,,
2593959.0,O,,,106396.0,,,,,
38951.0,O,,,60106.0,,,,,
38951.0,O,,,93894.0,,,,,
2841378.0,F,,,185260.0,,,,,
1613444.0,F,,,18143.0,,,,,
1547747.0,F,,,61213.0,,,,,
742658.0,O,,,38190.0,,,,,
4254822.0,F,,,184780.0,,,,,
1243847.0,F,,,75529.0,,,,,
2143206.0,O,,,188269.0,,,,,
2302374.0,O,,,187332.0,,,,,
4799970.0,O,,,56633.0,,,,,
2237702.0,F,,,437498.0,,,,,
3903200.0,F,,,121171.0,,,,,
1730885.0,F,,,14125.0,,,,,
702438.0,O,,,829042.0,,,,,
1730885.0,F,,,100578.0,,,,,
1072995.0,O,,,956464.0,,,,,
5445248.0,O,,,993823.0,,,,,
3904644.0,F,,,110888.0,,,,,
1129760.0,O,,,41012.0,,,,,
158275.0,O,,,4583.0,,,,,
4659489.0,O,,,65274.0,,,,,
5031840.0,O,,,83014.0,,,,,
3051712.0,F,,,170248.0,,,,,
3904644.0,F,,,88044.0,,,,,
2492739.0,O,,,85654.0,,,,,
2402630.0,F,,,160656.0,,,,,
2492739.0,O,,,179636.0,,,,,
1873827.0,F,,,119228.0,,,,,
3956641.0,F,,,165674.0,,,,,
5160355.0,O,,,224697.0,,,,,
3281952.0,O,,,198669.0,,,,,
2177349.0,O,,,14790.0,,,,,
5031840.0,O,,,96647.0,,,,,
5597126.0,F,,,220329.0,,,,,
319553.0,O,,,124280.0,,,,,
1748929.0,F,,,4686.0,,,,,
5483779.0,O,,,140686.0,,,,,
3281952.0,O,,,140031.0,,,,,
528903.0,O,,,3636.0,,,,,
5692548.0,F,,,112208.0,,,,,
4799970.0,O,,,118890.0,,,,,
3307077.0,F,,,132516.0,,,,,
99298.0,F,,,4256.0,,,,,
2074308.0,F,,,39232.0,,,,,
2479943.0,O,,,64144.0,,,,,
1407463.0,O,,,98542.0,,,,,
5445248.0,O,,,854133.0,,,,,
99298.0,F,,,98630.0,,,,,
3281952.0,O,,,178357.0,,,,,
4019974.0,O,,,266517.0,,,,,
4914947.0,F,,,132350.0,,,,,
4659489.0,O,,,131102.0,,,,,
1982277.0,O,,,162997.0,,,,,
1623523.0,O,,,199740.0,,,,,
4788195.0,O,,,47247.0,,,,,
532262.0,F,,,29015.0,,,,,
1809952.0,F,,,111319.0,,,,,
319553.0,O,,,110832.0,,,,,
3308193.0,O,,,111555.0,,,,,
2885859.0,F,,,131803.0,,,,,
4974788.0,F,,,573938.0,,,,,
1730885.0,F,,,199031.0,,,,,
532262.0,F,,,244969.0,,,,,
1855009.0,O,,,138047.0,,,,,
2237702.0,F,,,190284.0,,,,,
5483779.0,O,,,96444.0,,,,,
77733.0,O,,,75460.0,,,,,
5692548.0,F,,,181177.0,,,,,
5965187.0,F,,,125647.0,,,,,
1265159.0,O,,,52709.0,,,,,
4344003.0,O,,,123886.0,,,,,
1761893.0,O,,,80165.0,,,,,
590786.0,F,,,170716.0,,,,,
4788195.0,O,,,191392.0,,,,,
985127.0,O,,,90719.0,,,,,
1016548.0,O,,,26267.0,,,,,
532262.0,F,,,12505.0,,,,,
174979.0,O,,,88055.0,,,,,
1748929.0,O,,,156023.0,,,,,
702438.0,O,,,358048.0,,,,,
532262.0,F,,,53952.0,,,,,
3727363.0,O,,,75990.0,,,,,
3914788.0,F,,,171256.0,,,,,
554567.0,O,,,101010.0,,,,,
3588258.0,F,,,103111.0,,,,,
77733.0,O,,,69440.0,,,,,
77733.0,O,,,187117.0,,,,,
1975013.0,F,,,94066.0,,,,,
4494183.0,O,,,138107.0,,,,,
1078181.0,O,,,42224.0,,,,,
1187076.0,O,,,137126.0,,,,,
2212290.0,O,,,190976.0,,,,,
2062945.0,O,,,63078.0,,,,,
1243847.0,O,,,36960.0,,,,,
77733.0,O,,,196717.0,,,,,
2417600.0,O,,,18206.0,,,,,
5597126.0,F,,,615211.0,,,,,
446913.0,F,,,32280.0,,,,,
5874596.0,O,,,142629.0,,,,,
1547747.0,F,,,13581.0,,,,,
742658.0,O,,,170384.0,,,,,
644961.0,F,,,53702.0,,,,,
1809952.0,F,,,130888.0,,,,,
962083.0,F,,,30382.0,,,,,
365478.0,O,,,83821.0,,,,,
4974788.0,F,,,25595.0,,,,,
4254822.0,F,,,193083.0,,,,,
1730885.0,F,,,194564.0,,,,,
5586368.0,O,,,199581.0,,,,,
1623523.0,O,,,61247.0,,,,,
4526112.0,O,,,69991.0,,,,,
2885859.0,F,,,22.0,,,,,
1889410.0,O,,,60226.0,,,,,
115751.0,O,,,152596.0,,,,,
3790503.0,O,,,141330.0,,,,,
590786.0,F,,,11510.0,,,,,
5238017.0,O,,,169740.0,,,,,
372933.0,F,,,181908.0,,,,,
5338149.0,F,,,16904.0,,,,,
4359969.0,O,,,186602.0,,,,,
1975013.0,F,,,985524.0,,,,,
2062945.0,O,,,183738.0,,,,,
4465664.0,F,,,107505.0,,,,,
2605473.0,F,,,34631.0,,,,,
3308193.0,O,,,429835.0,,,,,
1129760.0,F,,,174335.0,,,,,
99298.0,F,,,81603.0,,,,,
5494944.0,O,,,139896.0,,,,,
2302374.0,O,,,87067.0,,,,,
115751.0,O,,,94363.0,,,,,
4190503.0,F,,,123100.0,,,,,
5017286.0,F,,,950383.0,,,,,
77733.0,O,,,171488.0,,,,,
5082530.0,O,,,125480.0,,,,,
2605473.0,F,,,131478.0,,,,,
4465664.0,F,,,4446.0,,,,,
44065.0,F,,,140148.0,,,,,
115751.0,O,,,134647.0,,,,,
3307077.0,F,,,3153.0,,,,,
990628.0,O,,,79979.0,,,,,
4914947.0,F,,,84924.0,,,,,
1873827.0,F,,,118481.0,,,,,
1547747.0,F,,,5678.0,,,,,
2302374.0,O,,,124905.0,,,,,
4719618.0,O,,,87214.0,,,,,
3383654.0,F,,,15700.0,,,,,
4788195.0,O,,,109946.0,,,,,
2188166.0,O,,,160443.0,,,,,
375235.0,F,,,49605.0,,,,,
3691171.0,O,,,569116.0,,,,,
38951.0,O,,,80392.0,,,,,
5494944.0,O,,,175091.0,,,,,
5336513.0,F,,,64663.0,,,,,
2982816.0,F,,,156941.0,,,,,
2492739.0,F,,,16949.0,,,,,
5017286.0,F,,,4624.0,,,,,
2492739.0,O,,,46761.0,,,,,
2237702.0,F,,,94260.0,,,,,
3281952.0,O,,,429845.0,,,,,
1855009.0,O,,,197445.0,,,,,
488000.0,F,,,60477.0,,,,,
1623523.0,O,,,704669.0,,,,,
1880419.0,O,,,434196.0,,,,,
4266977.0,F,,,163433.0,,,,,
3281952.0,O,,,157332.0,,,,,
5768097.0,F,,,149662.0,,,,,
1778788.0,F,,,193894.0,,,,,
4359969.0,O,,,180121.0,,,,,
590786.0,F,,,16004.0,,,,,
3790503.0,O,,,44781.0,,,,,
590786.0,F,,,463588.0,,,,,
2121223.0,O,,,41773.0,,,,,
3051712.0,F,,,12391.0,,,,,
5649607.0,O,,,11354.0,,,,,
1265159.0,F,,,264429.0,,,,,
5494944.0,O,,,62556.0,,,,,
1187076.0,O,,,114661.0,,,,,
99298.0,F,,,77167.0,,,,,
1187076.0,O,,,196507.0,,,,,
2841378.0,F,,,51359.0,,,,,
2062945.0,O,,,167733.0,,,,,
2188166.0,O,,,628624.0,,,,,
4581282.0,O,,,868569.0,,,,,
3903200.0,F,,,40874.0,,,,,
3243554.0,F,,,121971.0,,,,,
1889410.0,O,,,6714.0,,,,,
3243554.0,F,,,43134.0,,,,,
1363299.0,F,,,94355.0,,,,,
4914947.0,F,,,284387.0,,,,,
1855009.0,O,,,31987.0,,,,,
664961.0,O,,,84289.0,,,,,
3270369.0,O,,,12239.0,,,,,
174979.0,O,,,166059.0,,,,,
4529893.0,F,,,189692.0,,,,,
5483779.0,O,,,36278.0,,,,,
2893669.0,O,,,75288.0,,,,,
742658.0,O,,,91336.0,,,,,
3588258.0,F,,,122564.0,,,,,
5377893.0,O,,,148723.0,,,,,
1547747.0,F,,,17656.0,,,,,
4974788.0,F,,,55389.0,,,,,
554567.0,O,,,95273.0,,,,,
5965187.0,F,,,9247.0,,,,,
1613444.0,F,,,67413.0,,,,,
5597126.0,F,,,725269.0,,,,,
3753446.0,F,,,58540.0,,,,,
1187076.0,O,,,78527.0,,,,,
1187076.0,O,,,65302.0,,,,,
4688388.0,F,,,410537.0,,,,,
1873827.0,F,,,177325.0,,,,,
2121223.0,O,,,97034.0,,,,,
644961.0,F,,,153134.0,,,,,
1072995.0,O,,,192845.0,,,,,
3588258.0,F,,,71268.0,,,,,
2402630.0,F,,,192146.0,,,,,
2121223.0,O,,,559479.0,,,,,
99298.0,F,,,77772.0,,,,,
1748929.0,O,,,183712.0,,,,,
2841378.0,F,,,180808.0,,,,,
1301476.0,O,,,171783.0,,,,,
4254822.0,F,,,112595.0,,,,,
3903200.0,F,,,155535.0,,,,,
5445248.0,O,,,104645.0,,,,,
2417600.0,O,,,178050.0,,,,,
1623523.0,O,,,20992.0,,,,,
3270369.0,O,,,130114.0,,,,,
1809952.0,F,,,194533.0,,,,,
1072995.0,O,,,499629.0,,,,,
5031840.0,O,,,14618.0,,,,,
3727363.0,O,,,774914.0,,,,,
4523809.0,F,,,104224.0,,,,,
5891171.0,O,,,178649.0,,,,,
5586368.0,O,,,730827.0,,,,,
5017286.0,F,,,627486.0,,,,,
1078181.0,O,,,108547.0,,,,,
4254822.0,F,,,84430.0,,,,,
1016548.0,O,,,67168.0,,,,,
1748929.0,O,,,39624.0,,,,,
115751.0,O,,,82936.0,,,,,
4914947.0,F,,,773443.0,,,,,
1265159.0,O,,,116521.0,,,,,
4659489.0,O,,,31185.0,,,,,
554567.0,O,,,99060.0,,,,,
1975013.0,F,,,61882.0,,,,,
1072995.0,O,,,130193.0,,,,,
297793.0,O,,,138857.0,,,,,
1243847.0,O,,,4809.0,,,,,
5336513.0,F,,,108982.0,,,,,
2605473.0,F,,,92794.0,,,,,
2212290.0,O,,,3507.0,,,,,
1809952.0,F,,,172416.0,,,,,
1243847.0,O,,,385930.0,,,,,
115751.0,O,,,3578.0,,,,,
1880419.0,O,,,117497.0,,,,,
297793.0,O,,,31040.0,,,,,
1243847.0,O,,,17138.0,,,,,
372933.0,F,,,127208.0,,,,,
1579780.0,O,,,160351.0,,,,,
5874596.0,O,,,59222.0,,,,,
532262.0,F,,,122594.0,,,,,
3307077.0,F,,,188993.0,,,,,
1855009.0,O,,,145725.0,,,,,
2479943.0,O,,,818177.0,,,,,
502338.0,F,,,133421.0,,,,,
2492739.0,O,,,141244.0,,,,,
5657734.0,F,,,172304.0,,,,,
1187076.0,O,,,114948.0,,,,,
2212290.0,O,,,152758.0,,,,,
44065.0,F,,,59371.0,,,,,
2121223.0,O,,,32138.0,,,,,
3614215.0,O,,,174332.0,,,,,
158275.0,O,,,28253.0,,,,,
5494944.0,O,,,81403.0,,,,,
5692548.0,F,,,60046.0,,,,,
1016548.0,O,,,992.0,,,,,
4688388.0,F,,,41104.0,,,,,
1809952.0,F,,,109929.0,,,,,
4788195.0,O,,,42732.0,,,,,
1363299.0,F,,,30561.0,,,,,
5004416.0,O,,,862065.0,,,,,
4719618.0,O,,,20259.0,,,,,
3753446.0,F,,,903161.0,,,,,
742658.0,O,,,251669.0,,,,,
2885859.0,F,,,527260.0,,,,,
4344003.0,O,,,427064.0,,,,,
2074308.0,F,,,2692.0,,,,,
4465664.0,F,,,101780.0,,,,,
3243554.0,F,,,164408.0,,,,,
3753446.0,F,,,91216.0,,,,,
2982816.0,F,,,110809.0,,,,,
1078181.0,O,,,145740.0,,,,,
3308193.0,O,,,130425.0,,,,,
2188166.0,O,,,964126.0,,,,,
1809952.0,F,,,27798.0,,,,,
2062945.0,O,,,80411.0,,,,,
4344003.0,O,,,141474.0,,,,,
590786.0,F,,,162764.0,,,,,
44065.0,F,,,39302.0,,,,,
5657734.0,F,,,112012.0,,,,,
4523809.0,F,,,118196.0,,,,,
4313348.0,O,,,86038.0,,,,,
4581282.0,O,,,64876.0,,,,,
2188166.0,O,,,175865.0,,,,,
1982277.0,O,,,151550.0,,,,,
2593959.0,O,,,82223.0,,,,,
4799970.0,O,,,16275.0,,,,,
554567.0,O,,,63913.0,,,,,
3021059.0,F,,,92495.0,,,,,
5579366.0,F,,,13471.0,,,,,
3790503.0,O,,,67671.0,,,,,
4221281.0,O,,,161805.0,,,,,
664961.0,O,,,28890.0,,,,,
319553.0,O,,,77495.0,,,,,
1301476.0,O,,,146213.0,,,,,
2177349.0,O,,,174606.0,,,,,
3822054.0,F,,,119399.0,,,,,
4254822.0,F,,,142101.0,,,,,
365478.0,O,,,145977.0,,,,,
446913.0,O,,,152736.0,,,,,
1072995.0,O,,,126702.0,,,,,
2237702.0,F,,,501688.0,,,,,
158275.0,O,,,14011.0,,,,,
44065.0,F,,,105204.0,,,,,
702438.0,O,,,56212.0,,,,,
3753446.0,F,,,51949.0,,,,,
5692548.0,F,,,72438.0,,,,,
5768097.0,F,,,910034.0,,,,,
1240577.0,F,,,53310.0,,,,,
3051712.0,F,,,150801.0,,,,,
5891171.0,O,,,174723.0,,,,,
1072995.0,O,,,146391.0,,,,,
4190503.0,F,,,814984.0,,,,,
5965187.0,F,,,71502.0,,,,,
4581282.0,O,,,8537.0,,,,,
4190503.0,F,,,136849.0,,,,,
3914788.0,F,,,86580.0,,,,,
4019974.0,O,,,74225.0,,,,,
3790503.0,O,,,181820.0,,,,,
2121223.0,O,,,72433.0,,,,,
4286758.0,F,,,67594.0,,,,,
4313348.0,F,,,,,,,,
4313348.0,F,,,,,,,,
4313348.0,F,,,,,,,,
1982277.0,F,,,,,,,,
1982277.0,F,,,,,,,,
1982277.0,F,,,,,,,,
