suppkey,s_address,s_name,s_phone
476.0,zvt qi2gmbh,,
915.0,"hzb2437op7jlyx73d3,qu2",,
3287.0,ztgbtb bmct5rl d6fj rvj0f2ogi,,
4582.0,"wb0xkcsg3r,mnq n,h9vixjjr9arhfvkgmdf",,
5220.0,"yqimhm7nymeeaovtoto,",,
5319.0,6bu3yeg2abhhe6vgoaxul5b9bulzkxwspqy,,
5572.0,o0vyozesbeyqck,,
5924.0,"esax2kl2epben8icc9airpaqaua9hir0c9a4t,k",,
5986.0,3ftp1qsqzn9lr,,
6008.0,y0bjypzky7zq456w38uua4eng,,
6285.0,jjr7 6b259hythaayjlzsf,,
7418.0,sswadx3k2m vjymth4iaorlz0vefxwkbmkvfynb,,
7574.0,u3jmtcggom5rd4ylhf2dpdvu6783k,,
7869.0,"fc,7qytzz4mhuqkk2aybeqyujxf0yf",,
8613.0,yrkoyfquby8b4jyx 4ix,,
8921.0,87bmupqmff,,
9419.0,ltahuzapjxc3j1yfloovzzgg,,
418.0,l07dig bfdcw,,
1890.0,lc65vjfkdqcxtwhvvmamu4qu56gbvlt,,
2712.0,wfzxyctlyu5tg,,
3822.0,xhhc 55ip6uied8ztmjaemozeg0w2s0wyk3ew,,
8451.0,"p7rhi8ljct3ufsfbsqm,gegsuc",,
8669.0,"hb7osqvb6tpe2 3gd1oi7pjlnpu1cpdn,qmxp",,
384.0,zmr51gtj0vu83dk,,
1014.0,8o3sbvmnnbm1fonweoivxopplhhzcc6tb,,
1644.0,chjhhjlpsoylpxme,,
2243.0,nsoev3jeou79,,
3483.0,"bfmbyxb7ktzkc8,iy6c",,
4519.0,"z3ak,pdqgqeaf5ni",,
5511.0,md5feqsyfuhw1dxltur 7zbttzmy1y,,
6626.0,"obybelozdodjs7f791dqrxwbgfqr7xwoigm ,evg",,
6700.0,bwjerjh5kbepu 8h9,,
6841.0,u96uvgvtworer,,
7627.0,cibhgstvuy3eopizkdc63lws,,
8213.0,"yhdn9esxyvhjp9ngr12bbeo4t3zlpd,",,
9093.0,zrcf1ht4tzllvqrbs8sbr7ajafawyx3yvg8mg al,,
1663.0,,,
4767.0,,,
5232.0,,,
440.0,,,
7903.0,,,
903.0,,,
7165.0,,,
2864.0,,,
